{"cameraMode":{"drawMode":0,"name":"Shaded","section":"Shading Mode"},"sceneLighting":true,"audioPlay":false,"sceneViewState":{"showFog":true,"showMaterialUpdate":false,"showSkybox":true,"showFlares":true,"showImageEffects":true,"showParticleSystems":true,"showVisualEffectGraphs":true,"m_FxEnabled":true},"in2DMode":false,"pivot":{"x":-2.0063772201538088,"y":-0.019242286682128907,"z":-0.6061382293701172},"rotation":{"x":-0.08248654007911682,"y":0.8983903527259827,"z":-0.19177602231502534,"w":-0.3864154815673828},"size":11.852886199951172,"orthographic":false}