{"cameraMode":{"drawMode":0,"name":"Shaded","section":"Shading Mode"},"sceneLighting":true,"audioPlay":false,"sceneViewState":{"showFog":true,"showMaterialUpdate":false,"showSkybox":true,"showFlares":true,"showImageEffects":true,"showParticleSystems":true,"showVisualEffectGraphs":true,"m_FxEnabled":true},"in2DMode":false,"pivot":{"x":10.061384201049805,"y":-2.656667947769165,"z":0.17514100670814515},"rotation":{"x":0.07409031689167023,"y":0.9151703119277954,"z":-0.19835157692432404,"w":0.34359291195869448},"size":8.857231140136719,"orthographic":false}